Temperature (Â°C),Humidity (%),Rainfall (mm),Apple Yield (tons),Orange Yield (tons)
18.595528188191878,52.57843143593634,86.20787661513535,41.672519175397326,36.47006703206256
19.746958271491394,75.40374543366167,23.143332254931092,45.647457007300964,37.289553054373584
26.087425486575803,75.85855551754754,57.17066284910347,44.190151786898234,14.86161234948569
22.079828009449937,73.67377528986873,98.23710969576948,31.4758715140662,11.865184985022061
23.983127041927844,81.66959303111419,60.06562536069836,43.271420814665746,31.353973429249187
16.413551589659587,62.757737808065556,82.99472957559311,28.34791655826985,20.808138471439005
26.515182373525484,56.87601308156525,85.04951074491217,38.006907326052676,15.741691988572208
22.927709300984816,88.71108778495052,38.33299473416315,27.352632758299524,25.07469454063446
20.698135200563172,85.75735748111052,43.63988292895245,29.44600989439104,18.62233774749776
18.166183096273734,84.46141148856184,39.92098809309166,45.56281688431703,37.178671463995784
23.163233279523666,66.263676803255,54.169227864762284,12.461135817102784,38.7562633593479
21.853114574643147,86.07614107340099,19.583905008060608,42.04751097547711,24.10270659033279
29.92860052244991,66.39572423758923,49.67485793194516,40.072826412490414,7.348311125512357
18.341487570855616,80.15991709921863,56.471926645473225,27.0824909444943,26.48436164015383
25.72134342400978,80.91467980613739,4.641714530582131,20.931267919857248,12.05049481139781
23.300426768263417,55.253675953498174,18.910472136812984,36.35325366603428,9.793489536145099
18.477824250336685,79.77602311586409,74.84132614587004,30.209248401873353,24.814681173993343
26.348521277817056,61.1254018176008,85.1826091866699,29.786994800990403,30.782000695550558
23.527661994199057,50.82958210656197,41.453555574273985,39.65042064287651,14.499211307623211
23.896037348323436,68.05365620676889,26.118703936971432,32.78263583269409,6.550395253121209
19.888053704263736,50.60704809470454,24.643359616531292,32.64344772181443,9.891626093113928
25.147518210621584,74.71550210755188,38.512280971976885,42.236843960508935,7.6947972651883525
18.779639212842795,71.80952563403177,5.040045364484358,15.298481090172459,13.36364007974852
22.955448495086017,70.17905590659873,27.93832584956015,49.37304686812091,36.345785270049554
25.13800030609727,86.54649700251062,73.40214802133434,33.49818962597663,11.161287101768322
21.933398381756625,77.99339968991613,67.28787458987514,32.49528675290396,16.779528232027243
29.92792352599102,73.25276602418063,47.21373761845917,25.623796573013642,26.451935337775154
27.538105426762918,55.13621716861434,93.46949829472409,13.41549930407314,10.363633973764511
26.196537071695065,53.49606349439248,15.703095107091446,22.82714455984687,29.665967716155144
24.52838496710195,79.22630940907993,8.431711143892251,47.84937509272276,16.765888189616554
18.086312181163766,57.322043669743906,16.34156914215251,16.974454966548883,7.743744848591456
26.40103737597444,67.55962642633796,57.069714235892064,27.07351948196854,15.320894186013193
23.91629004115034,50.42696082886986,22.756853047833193,22.10566531565653,11.01209217199138
15.938724571227265,55.202252754099305,23.23237790209294,43.74443863466336,11.635665338459582
21.034857788242856,85.9814969745393,65.97321691078683,17.39407782909771,28.652053800345865
20.604027759508824,75.58502167827564,78.09601672740106,39.37320695054775,8.946591314149149
19.151003263771194,73.33001446249003,53.86114580711372,43.71492876974502,17.77948574473249
23.20509141975326,81.2576205335871,97.34159930620004,34.800682887932915,23.74068252398907
22.642702254431804,62.99067905095258,54.2785205191146,29.936505888449542,21.26819152690557
21.530549167046498,69.1990372876991,82.40219658902379,12.063637026618363,7.902143834386308
21.098520948309652,76.0963381299195,29.672892254048556,11.233371155899924,32.26001177750133
23.840314117640112,78.65726491928112,70.7481781591662,33.372921529896374,23.552021852926224
29.501872123321682,89.59213539198113,81.27295828938108,34.908237555731816,25.88545009186727
25.007534018215075,82.19029737064048,55.689572146734676,24.191501593000616,9.186655826962932
21.578485452959264,64.05769553582118,59.340031682857976,24.386244373346464,38.60714274619837
16.862825693480872,79.79650397532109,64.12157426453821,31.92384475720409,23.871890116464233
29.83136502964148,59.151588284093414,64.154067925947,45.00965938849084,16.93418780122599
26.81388277716883,76.27975079464231,33.87106541299521,28.842006162862393,32.747229550460744
29.374558521687362,54.47947940156398,24.04843501032413,16.7858083484905,16.551691363111843
26.683513607172312,63.620495989270395,0.045458705700673896,39.31265317276316,25.61965333951622
21.83476200750782,68.45930979248307,24.405213035791373,32.39489558114688,24.624039350941434
23.73914665950595,72.15744566570187,74.2180412115515,45.79565212290828,16.836406174924754
27.90963465379766,56.90977753957916,14.56906320061101,47.47118502806241,28.853526912029775
19.769759660142284,69.91612120866259,86.27435782877325,24.474702109717384,12.365229100801614
19.583819033693665,76.62455708675951,22.239522458784368,34.757529938044456,34.20323216220234
19.19131566897294,86.32821260868371,73.38050123375231,45.03835070159701,15.941199109507872
21.608673010478334,68.12978542021109,99.14276734438066,47.36862010174426,34.58742932508579
27.076340342563494,87.7860945494821,0.2070094419885704,27.220276912390865,32.19525519124262
21.649262087422798,62.173737745327315,55.96633852338573,24.221539101276374,24.42000062557629
28.768400117284052,87.63551448877702,79.6044222712731,36.64915001039627,32.20140941236198
27.978707945838416,66.65643236638623,24.858484380912284,38.978016676758,16.501032895750456
25.698574018276794,69.58573901011316,11.873580498309178,38.766490283999474,25.558455071993507
24.247203998005908,84.92228197751132,19.866957170578324,34.26709140438312,37.572573344376224
20.00964529801386,70.10966333352751,74.17100589402543,10.97379721156155,14.407142876923158
28.735407209180458,76.38429669864877,76.68153092450942,20.254886476074617,27.823909745013403
27.43419915072258,76.67041285538336,90.76396004745223,46.59657421686356,32.056709989120115
27.516046501399472,51.63294216495133,95.24935914653523,25.759982346653047,28.8665562762119
26.057737002144044,76.950062767763,36.23718965902255,35.347674626548134,30.532296983935808
27.164477510480502,65.03692949211883,94.64032766935259,17.407637116380215,35.983804316723194
16.391140593832546,53.16505534470324,76.53301350608572,40.02235356586982,36.416895167926725
26.840847477730712,65.05496120565375,74.70480834045557,24.560377517196954,6.062154401396199
25.690283755216864,75.30783919545898,86.20942990012044,10.999418286079186,11.164731737446907
26.841432688007004,84.81497222443713,44.03522121809217,35.72329917727296,6.94620692268184
22.734312345698036,59.044639739011586,97.60497403726718,42.49922168372118,9.826161028112814
25.50548597850257,84.71468617270281,26.68843025709077,48.30040552317786,37.1819424496478
16.925495597228906,59.9167175227168,78.23880765412906,41.92420008237789,5.589044319265703
17.60965964401257,57.415179672605184,2.688278101275321,32.05454130698037,15.890765628203766
18.133284872545072,74.29967530096557,49.174888169254224,23.008485850020804,13.097860809426756
19.302049787645668,51.65844910858348,76.92823007281883,24.738224818798543,25.38096036261944
25.336826366440214,87.5744962490011,40.071052054087964,46.1665962350108,35.1695406140915
22.347109767225046,67.03602300267781,23.39898400935585,48.852015889604,27.052542912592003
22.274575527290196,59.667193149258125,50.16861533929984,45.789976590799846,9.96509027056787
24.987322243525668,60.33643616649221,79.83826173608472,17.077238674164903,29.25121027704529
28.49850241626055,76.26404094981955,90.86904368360426,13.661114683255903,18.87048893246701
26.805912951012846,69.80770144552335,60.60178705167064,46.51372515064012,22.643084371950664
21.321868951896136,88.62041941820564,49.39980017189488,17.758245449147758,38.34925951392547
18.295241716697035,65.43752198005373,21.39049931617062,40.26319316900073,32.50852025863979
15.539196273613173,58.43129095504992,48.24088333603178,11.321496320596104,13.219066407360604
23.288226025934428,78.85343768293495,61.0088868253198,49.20775516650132,19.54884296482929
19.353664819211396,53.340311161741226,70.41564981131907,31.054494064010786,6.407152830299523
27.69746450713801,53.423343750345445,45.02909827332273,36.33504693949921,34.21832182381079
20.370431936143135,51.078456514657475,83.86216804957665,40.97781221336669,18.041636035722256
16.469878509447277,52.82849337326634,74.95761124348681,38.17758091905355,27.893747103183138
24.438491075356197,50.779711915191236,61.97025833196758,40.15680475726441,14.022417340808122
22.8288193199882,53.27216762401904,34.24783575781248,46.471276055081084,12.789081279079412
15.067143334060667,61.924810543491915,62.00389896397797,20.298354750914886,15.069520255632836
26.915881023345918,79.73967785634014,17.993021984588907,32.01170323182194,26.875203624180433
18.715480211172565,59.382013032777,25.20713299644385,20.420137781847004,31.953859809979
29.486999703622452,84.05362342357967,33.66934205637302,33.8519488250032,34.86683503902071
17.072694777540164,81.57495072174052,0.2135889252876666,12.726708399525526,22.192036444729247
25.096742298585912,68.6446235391581,88.08343679646372,22.67094587924913,12.328396781622997
25.31028449396929,84.08863915128325,84.99519627534691,48.57850529058404,33.46974832997566
17.60343524262102,50.3132179350713,10.57019792395888,41.508126755240255,30.064671827073877
28.592532971182848,66.89327985861425,39.36580558254425,41.320170185880094,29.412832049781997
25.768202665941832,86.97382260660291,54.621709436672994,34.62601454583572,13.90596357402713
24.82078155729652,77.12006267031433,66.72333201688782,33.84996252246033,29.0251758673737
21.12971900193099,81.78689174234584,63.375139784251125,41.4846271165861,22.705096728856496
17.27934849505393,69.77143710889459,58.8214043008899,41.962523451370046,8.911935559699106
20.019078454532398,86.6828683068805,19.414260377106817,16.940930132224974,11.511802107783547
19.81771290004375,89.65775581194595,81.0631961934418,29.637034796592708,35.49031219890669
19.912793847834998,65.8025188277383,1.5865377208487907,44.61328614456244,33.855832702757645
25.76036045571731,80.37343221874521,78.68107005103198,13.175569909577787,22.686511784259583
24.804983269109513,66.28602135747154,46.43963293926879,36.80658466258058,20.25024900767056
19.062732725734598,59.798969746011664,3.3918790460586545,24.385843373475694,32.30165925999761
21.75602632333341,84.04462809124414,19.81354268109613,10.776441380871526,13.131393300371961
23.49867183744049,68.09495817493003,91.64986861256189,33.298810636137404,24.148357581991927
20.898487718047228,88.33916889342225,29.05818002460504,30.208198869345765,18.335507734301487
22.818113334352457,72.96986240051227,57.1847787840701,27.39528088517302,25.32795105183563
28.277769466676258,64.86744356961762,11.94020054908087,10.141842057873522,38.16686088252037
16.49750412634768,62.93217583661443,30.224761295368197,22.794394713805268,13.634228076171672
26.21429524842234,55.128945671186884,3.277089671549105,20.32363738990011,32.105072773872905
28.11552030294971,51.635452516495604,47.45322811864171,36.785044751703836,21.61728892651596
23.558156569260063,83.4251521315447,91.1246083791589,32.33863713892828,22.2101229120609
22.82871460558365,63.39274880541374,2.3527764363968307,21.03379372564384,35.554012215588536
24.133090203047566,82.367375397086,41.749007498623,25.63428461892025,29.015986327827015
15.84305956566589,55.73808705146078,86.55692204177132,15.837360926121393,8.532720928020156
27.24116608121828,57.9213855568398,25.646575342327093,44.108068742786095,36.680635122863535
29.977874236075515,82.68741973290147,38.98770779423925,10.055013887255937,23.88749298879389
25.934785014838255,87.08588118139517,42.81817488983829,47.69573391156137,39.58221493048879
20.633796120444092,66.18995531215347,29.959247451022918,34.63494943675691,25.36641398293976
29.41750170300505,55.46470590406534,19.92894129782792,25.574121845580223,17.066960243629033
19.99535804226243,55.28490370284735,36.2066772380057,33.36563866139076,18.700163446942515
23.181735905623462,78.91537042942372,29.614741192790905,49.32654830686274,12.329850423843588
15.209626613448961,89.84691592636506,78.28724523484404,43.329277398560315,14.840725667276224
18.01963330882068,65.72892729478485,14.664667358107797,14.407884251836736,36.92453171137195
27.67856421721327,56.24686781938043,23.265036177123488,35.7026774030882,28.910405578319384
22.38049095740085,50.87211122392552,4.5610673647830335,12.999852173624426,33.48571269715154
23.787379492550194,61.03254103555797,16.497254058630705,17.45736164767405,15.306663128325333
25.67022272143665,63.601425759942025,10.707449758671462,41.55631693488138,35.25594845219516
18.615851183264006,72.55432378984581,76.56984957699731,38.08113546757212,6.781672602521759
24.41323122650161,84.83068602224732,14.869883807635043,14.48113505556368,24.889904084328197
27.396800273180766,59.55601229681449,83.74635123873188,40.16539621508663,37.28667253755619
19.76888190814843,71.05054093766415,18.439999078404824,11.20929509694018,31.25657198935392
22.73505606295623,85.13333148835525,68.62616909554845,13.426670031304063,10.501062390848524
18.1188882174416,78.96439723938249,51.209345992865586,15.494281629381845,22.476665568329665
24.817601138193297,74.76211304757592,81.53994604069928,34.975256450126366,10.224479986179045
20.919534827627743,60.153039583286656,75.59572860706078,22.132707850404955,15.675945097746416
23.57867137798548,60.13978764619145,92.12382858764808,34.960314254945416,20.442017173478916
28.97011192420294,68.9404973790486,6.264310708927323,16.92153961387701,24.799005133947425
28.990002255733778,66.95222887946039,4.981522562053353,26.870750889708237,36.13072602343088
18.43850233806035,71.69614668872296,83.3442923410956,33.37528694599838,16.807013092907233
24.37148896784167,88.3737687014326,7.376902275874109,44.52047677633102,33.92097728839451
16.885552206484455,60.898766724059485,22.527597113307795,40.534048019437726,23.209385760070237
29.654601024132248,62.15930699269216,45.21332218056035,13.841900307576145,17.557841479790422
25.938556691840553,72.40120444176243,45.77817541963617,17.186514002888114,9.253713264399229
23.962626131843884,84.09316814602134,75.02868995816475,39.31427884393645,37.825631398173535
17.29895647727283,60.21188386180913,56.08698961405633,23.524025686822604,5.28353270348836
27.290064382129987,59.535023914666084,40.75755309327362,32.656990501133336,31.098502656827446
29.444047889103906,88.80882344644131,33.304032235982206,37.251418612915685,23.339054900832284
18.745881888470375,78.18662863306194,85.98894095353106,22.792837887300244,21.48402082804694
18.706755962355388,55.928147229164125,35.790317349092184,17.10376505777013,36.87033093278758
24.224402499992294,57.83168215759125,21.582400428317182,29.4797684492232,23.011041489451877
17.59685165178943,63.599084146038294,72.35238474729238,38.191231523602426,17.729861777923
16.653050185372592,56.06671713357144,49.54699055983753,27.562904975930877,14.501441534709688
21.24450902650409,76.16565697578932,82.06372526571501,30.696320817700165,27.664198686876638
15.31691276531864,84.33728173804548,35.59758407830558,47.211666805482785,33.24858723283502
18.824634688337287,88.91602831357233,10.153587565051414,44.982815927497704,30.484770575448227
17.01293748233294,69.06786547181719,53.359039023232114,17.66999791844855,31.606114432115152
27.297393522643446,61.447853532631854,98.43964509851037,39.11982123869652,31.69743465581323
19.227852093746783,65.84391580845902,43.526883407058726,47.86872183212439,9.098554928779254
26.607498446857132,84.92489057478443,55.870389004823686,30.627277092365865,5.48889057367852
27.31232067554155,64.12550646487601,50.24601371525347,41.07384836959359,13.412405832814128
17.682723322322314,59.31029974902621,40.28988886484457,27.494626960513816,30.37055285608707
28.79547298099343,88.32301262333874,31.313621844392493,14.936212472775118,23.965631872443165
29.10851645907373,89.33997261806164,58.371045379351074,46.36541276868528,22.22690637781234
29.400137720127283,51.58857091966603,72.63807440199334,36.10356718286096,12.558548208803067
15.216772184682636,77.2406253633288,5.116290287686209,42.46289198365431,39.57644213815452
26.223559316066048,81.55574566803551,31.940905349793436,16.04523771527714,5.796512008606817
29.850525783306225,75.34600073560983,80.56168034491638,14.81068564690744,27.52854239342868
27.834792955355105,68.3730585799633,88.87023505210571,28.522398499020788,18.42779331262558
28.47495856123993,81.8851800551416,30.10239117000134,27.22625512413969,34.381949058800984
25.519433893184306,76.47572819150287,26.972342944868277,26.290297748188056,7.181376441407085
15.520833255892544,66.21737704836195,76.98380212688801,37.02687980882786,11.974625797863112
29.71802639366054,76.24626048495742,7.504657863670571,16.473267907892936,29.104752518053967
29.808528426129342,74.56269566447678,25.453939529021554,14.004397795353238,32.62171233526778
22.975134889808444,56.34521409518376,70.61507229542907,38.46187054584777,27.336455693058205
23.19128625408176,77.78121405948453,25.426348691355336,22.0927182683012,24.003447741320777
18.427929797290485,77.84407370190776,91.51203205556601,15.991708360914028,6.674803899012333
21.165083133189395,50.00409936914103,8.519405029164261,36.239654883295835,18.06714698110964
24.79572715893714,76.9873714050028,72.11374929269087,37.702587845975685,5.192050802445646
18.05884659167395,56.243424450835874,96.26460167402374,31.219113071277583,25.5726251502386
22.00114047913258,86.97142253929991,5.1414667652239565,22.972721005311506,22.95453610065463
17.740171975035924,72.00053487297221,95.79515762830496,19.856424112086177,20.56570289456659
24.21661230628606,89.27126154354387,4.136783284328837,30.490585106589574,26.000303074851207
25.639824779141858,53.565707273350114,29.13412668609793,23.055172053297177,9.392995777042447
22.804539111207298,74.01139317716306,1.1710353227492365,10.447489172840147,11.889469696225003
26.356779329884112,65.46106895070265,76.5479296544769,37.868419998689774,7.82340058723228
29.63158938335622,79.4423392444994,9.568419792769657,39.076405686901,16.282158699143395
25.441349187990355,55.503575462515904,88.26340842511318,12.705898683368734,9.326255315591794
22.476351631314945,86.70544421989925,83.8531626517376,32.097947811567536,7.047854470730144
28.1222952471808,69.64615222408338,15.711770590484731,46.943268943342204,35.06977380635203
21.588041628472713,81.4516024835155,2.187885398545797,49.19781242205941,25.049105953077408
25.27614255447826,77.90851904483861,34.640550205005106,25.349641114453245,34.52025854697717
16.06338176386251,89.01248366487961,27.400538616420633,16.57486075102737,30.482202097834687
24.704590247262047,71.7601539485749,16.965989301146966,48.96909944911526,26.818433938550854
20.641016304009966,59.24229587657648,81.64930374389165,40.55484335792244,30.157205580282902
19.205976441854922,70.73811308075814,33.123408622697234,31.890767958285274,14.854691293711104
19.098474921539168,55.860805797858106,34.35481470004551,24.652930732313514,22.333337025066605
15.843906776685401,59.17603863714907,37.77794798291122,17.304877446020352,37.911232108557094
17.081093828319965,71.91064941451828,79.6202997854721,12.505981948335343,14.539744285908709
27.417860320904722,65.21442819808776,47.32794653437116,21.03791388774395,39.5819296847502
28.31774548672083,70.71005350918233,24.545578921487852,25.88169521836719,14.86496185836524
16.085585784555363,83.31322169873096,37.34756858613586,32.65021445405734,36.424738035023495
24.660147710950717,66.17676184000445,70.01592782775458,46.06649469699305,28.898439477517982
15.414149119432224,71.81027198074707,46.0810751497341,11.174750477795591,32.996271544055645
26.354835096350357,52.88702033824941,96.07347223318959,25.151791221877144,20.12475287691565
18.324273362760447,55.468700236671545,13.284772486846364,10.210642520158526,28.40640739462805
19.84395036783917,83.30456059661574,33.66475383672862,28.50597423975274,31.323348602988403
19.939750621883647,52.37492265933752,59.04658088458699,25.53326154291034,28.117412448116777
22.118136856903565,78.1953017506273,11.247276558448194,13.452099444535609,33.1088615485834
28.9885573904687,72.9430723253239,44.145106597403895,47.811897324899505,11.256212814090613
18.76478214068115,69.1340320265341,32.77363906561847,11.606741700270344,14.035765889779192
23.14517657384339,65.83329556993517,99.04373050229455,37.92391979953311,7.995167968345902
29.61395180298137,62.05351431758538,67.28078553610078,25.301505835466607,11.907277808959392
26.350440867859287,51.770074097787784,27.06861879982293,46.75339866420503,11.51699273921108
18.647810773408803,56.45059273741037,4.922613978571178,20.617840136193365,9.154053908140666
29.204872856879895,66.40631859174536,36.8566635042416,44.245100628766856,21.627275632044874
26.94051377995951,74.54825204343325,89.02324960485386,29.105668466081163,11.099476932016263
18.220381767585447,65.51715048842802,45.40835221304993,17.89647789694575,6.838596917885744
17.94100751621852,60.70692683794121,37.105609487604454,12.667128833038838,29.62481546814007
15.635933942595356,76.18642168823058,14.431144526421303,41.35242766823262,39.34591163369254
24.716094171751134,80.43826640965409,57.35445746422905,36.93636244358669,22.501958610375343
15.209514370566342,85.89978129924006,40.52227988647774,26.50554666720323,36.33131072991109
15.207388975774679,57.42243806215966,56.47089833150042,34.66413843069976,9.914314022489675
25.053843375213784,77.23409345393937,97.99739625770454,25.493703796351078,16.309295711830604
20.994467409668925,67.1660448973895,27.38534835390277,25.439185567090465,22.59269491798961
15.585437980859236,62.613390184172886,46.980224633382285,11.112813815284204,20.962498641529645
18.93166368918948,63.53688018799758,38.64079003308578,35.05547354939678,34.597424578768766
25.627749320177394,55.89761400004726,76.74810411175086,22.65032595428889,7.672101828632433
19.12803003319056,80.45027662855438,75.89526931114315,32.80287150042609,24.636651936923872
25.86331457434165,81.36331352640096,87.25637257988024,40.54924926406469,13.21916731402796
20.777041148033963,76.76773912783253,75.70507466596978,26.895050803604082,25.590775624733766
20.878152120805282,60.91347554672616,50.44895462569655,48.885198195380795,35.77886052905639
27.90237570224697,85.37151282766234,90.80702240259879,19.25823575054098,12.834292864978108
17.711525009242685,62.84737418943983,11.976174622552282,46.23243142992742,30.245476678131485
29.221266800442116,89.32799632852148,89.26299454458803,43.05440189890136,12.30290621973144
22.83763081438804,84.20678846110172,43.7107514297774,20.70033400714808,18.83756035196639
20.154614351930555,54.365756857781555,73.03998960194767,29.75385202057858,8.426206968720004
19.933600044831678,58.29034008128607,79.87416083803166,33.72853781083971,24.22433723852686
16.901254288708675,67.06679980046113,93.88724831122511,30.584420700737898,18.12517981825429
20.705441842960788,58.22175537802891,42.463003253089546,18.553832527787325,8.747616195079866
15.141926621475399,83.00395378667181,51.254178986068844,29.627053122635214,31.424625856819635
27.405099588495034,74.66634326321068,74.52196235342373,14.181140289173445,30.610240365870766
20.454323058080895,77.87561100490558,26.92824726452191,31.126833879406526,16.331655322644888
21.048400804338208,77.42338345478876,12.848988858610355,24.32298454969962,36.964783710677224
22.887166430887785,51.859080351064854,37.48766110317692,38.908983404613146,20.25441038419799
19.487763361512336,57.081762613924326,1.1547763226609664,31.099192091419656,34.135728343201485
19.778899810899166,59.308806317605224,10.362035074537236,22.76457477520196,13.952599710099888
19.639422128957193,89.64997544793775,21.130198724041684,13.137319759164804,28.27139962278316
28.943079094190466,89.40105048434665,28.078737677791064,12.560589086788276,19.537637274279263
23.43295577418705,50.771158389157584,29.934885020105384,21.154624171296263,21.924492970642596
18.437962360777735,74.1869535845134,18.14594752671388,15.233352603449969,23.39659942731899
27.023073745185975,88.2339261635274,48.47744843352611,26.93810017360422,35.50020469576598
17.94358777069456,73.30239096797561,1.629174613979678,49.37948522853311,6.810813143947136
20.170569950924776,73.93439961839655,72.79998293738926,49.842456114294386,16.326946250634684
25.19395907209728,70.74936965132835,83.22192536542667,11.053504432702915,22.564688972424293
19.390393994922174,72.9432468803364,89.49836356957441,11.267002314017617,12.163075496635699
18.0908301758671,55.32228808183571,74.4224555623744,38.89609550575978,15.67871911144949
21.178328081246732,70.16000234705434,95.23120515859658,42.08114369675873,8.560699577004012
21.73217366777523,56.70891961645147,43.156808022839336,21.42802068967013,5.364734763787206
24.26950908740629,73.52670673723927,16.291036555049445,21.984760111515442,14.714740038983026
15.637403609410857,79.73412574092873,51.27109832466361,25.674281147898338,5.4503011050113495
27.121450809219642,78.60080472193738,72.83680264974475,23.3149696188391,21.852573087954177
26.98276703329462,64.16461713804287,62.977299910214434,11.863322357306561,27.016927713788508
16.955657721702025,71.0474208289541,18.919791402378205,42.231141788719405,10.787970136251342
23.796013490306052,56.583408812699105,33.7095607181384,15.225889026593062,9.316198365235778
24.303346730217353,76.86553555993453,92.92119871589088,12.673438748175778,9.208555361229877
18.41726709764864,59.563875997855476,74.9612568879768,25.604044193959517,5.386525011876603
21.023696254363458,64.60159909387895,67.71070807571384,27.314879079401248,18.20304378406933
22.34861840779086,68.9418318485377,32.47711729782687,27.5530605789675,7.65475199840391
29.39503705293962,58.19140769888031,87.2649266375135,46.61096671644485,34.07992764920753
28.056365771648075,77.64002713533287,40.05155737904024,16.15175234722019,37.820544449787235
25.068427009904674,71.01909073923838,96.01608548365397,14.67331561926224,7.743692138773663
20.173718701213037,53.91292772822148,3.5102453802638323,37.06346664616842,12.626075602378343
18.871240727734907,55.55607709833291,93.40693600521189,41.128028158894395,18.697901878929443
24.614017095099612,50.82280886246354,43.74471400673369,38.187960361390566,9.939339359399408
20.232953235784265,55.38802062558395,27.763616187550312,35.714250543118524,38.08800997449157
15.709587952924927,62.59860468545902,32.5085768481866,25.149460583134626,21.613273895071956
26.37287600251934,62.72502477685213,74.3069334752221,35.46421584397842,35.827535530801796
26.228681584420585,53.084010661497636,84.60442262158392,26.472490665769534,21.90611917289065
28.013074739730342,82.68353521995863,47.025302657064195,11.924035538736506,6.357613619924258
24.27035567797015,53.03499609049317,54.26084977436905,35.64991353498453,6.895475741097184
24.401805344699074,59.328482400067486,90.32266781113125,46.59416473291695,27.918404253184473
19.907739768971123,59.93322821538641,89.54264063592895,45.767026101837345,34.946714689830586
24.817002636845686,81.09154846815085,78.7178044972743,30.48975051035209,25.125301491046898
15.238587077158959,56.792731470364764,43.57636984453453,32.27059973995952,6.193658995062411
16.73105708972661,80.19529603853125,43.12357279626736,22.39342198898843,38.48235832898812
26.58676776953846,78.84944568832802,5.006876337804544,12.5922708092676,8.251913107916602
22.312493723086487,56.59618825177207,95.46756933264575,45.268652790969256,9.594674055537157
16.59090300713165,74.63027662520881,61.07681334620108,37.64585462081539,29.33722029506697
28.480029033394757,85.3561347995145,16.194396383387165,13.494716013724837,14.152629078856517
22.70390754076807,60.00850937324942,91.2163051174428,49.03195554306115,15.822102841810592
19.311649366551144,59.50708926681669,91.8819134519336,12.071615559645892,30.814940475555147
17.077393527258728,81.72277107267297,55.210423396937635,16.587912317837798,14.196702350156611
29.16789672817427,82.24695626269389,3.3220768262062883,15.651244854462988,11.521948752093206
27.554292518341207,80.11611868720122,67.19427884049362,23.487176053143955,10.638993239371235
23.068116149100497,83.69827944588116,97.0912159711556,32.426051092541385,24.48360319392508
23.359546950100423,70.56014913717586,88.36053743714649,21.00012303633307,10.190256473594324
15.690923736781121,70.9675485675159,79.23899685301531,19.14203392283924,32.799428732237324
21.423717134291046,58.30435324210611,54.09884264934174,18.833688978213786,32.671701469702924
19.694312847166724,51.697550894099685,75.51706714014598,15.17952554845387,29.550884653852982
24.42589927892995,73.89120182055117,85.84263110837193,49.408477831747305,22.74544321423534
26.408366981053693,76.42872041667854,30.44458907423806,10.985844599214527,35.674114370729306
18.555556684317217,66.60593769113657,11.944780534505306,35.07596198729058,21.494107639325705
25.99707992128252,83.01208561687838,87.55612308882455,27.063684999848313,26.24976006335055
21.61430262044643,66.95033918419911,16.597595260280464,28.595198752056543,33.0349292177864
24.181729540819845,72.10872099647668,38.70430232302282,20.84192023401807,28.75098611979492
18.919701393211373,85.75391264340887,87.47443585955294,43.999862848546904,33.63954807337113
24.192083595360465,50.42350156185459,53.969990373435614,45.37825498951031,17.052688445152356
17.41729590824784,71.13677758890381,26.502259841484623,11.760780565088616,9.64849243453572
27.382354955660393,66.78721790575239,3.299294038962397,26.209224517279065,30.295242108894655
15.291387510956728,63.49232728470738,29.398968859160412,30.716966265542762,26.753817565205765
20.095831663349287,67.56468126042398,6.497630518313491,44.283377867660946,24.491637259470252
29.261575938397222,56.37330087591301,11.458013519454624,35.094645954397734,16.857691189477265
29.497547907103502,82.6130708952326,51.49280343849336,20.10651622272855,23.127657638335723
28.796176757363355,74.891043206831,34.861803232083076,47.9257472726837,14.481695355634857
26.622642916245077,63.71209698030638,41.251077635828715,44.38399393490044,31.365286318016626
24.571086409088682,82.15116910357385,31.85290541435203,35.785724831043,39.0808882874959
23.301649652568386,63.26395369990469,64.3640968923965,22.460101937904525,30.990668955620556
24.36370820728795,59.49618950948204,87.17250608652566,15.1538956651301,27.676635922345298
24.8410111993542,61.90032801458244,89.18216587295504,35.74992787858173,36.46541188800853
20.562972740028314,61.17386734507829,1.6045688638977929,25.127003620461004,24.0707077866905
23.20496670720926,84.83913376685962,52.3841414327458,30.788672752240934,31.441662152438106
19.568068959851907,77.54503822265136,58.84587236289375,30.242014312739563,10.943203387189394
27.494303281697263,50.05259705724542,34.67866725738765,22.345603199011272,12.049928101272268
22.508927185437237,55.877245677600676,79.36513791690015,23.50664971704013,30.281596246022417
25.159873111769798,68.81939976428527,39.70771972315041,32.22004684362033,24.50465555476312
16.434629615606784,85.2781938476061,41.72499779435582,36.54970434250707,29.749216525999095
28.59428872496527,85.36966222267375,68.89213681736459,45.49492971790055,35.25693714437169
24.09199467640346,85.41994806330594,69.21274832394963,32.7063944943211,10.947796648257054
20.22977725318926,65.41687672315771,82.87447897423075,31.78185368051681,7.063517216192784
18.579438073670552,54.11928289895718,81.5618874589169,22.273070268823343,31.997700375190405
27.634708955585822,75.07436298734726,36.47915967404376,16.37577612404845,13.23362860669645
18.60409408186388,59.99019848271107,60.52850348810741,19.986780802726713,10.971878805526885
21.11143738012708,69.92333025216014,31.9270779244329,32.562597585511526,18.2618991298444
26.358051266356647,74.94824670693589,63.94689601746483,33.63836796959999,21.617586581903385
27.89163283608324,85.25087894675497,74.67800168645783,36.04199518770499,9.150008891872531
16.04063807227187,55.750953056222,7.738441486223014,18.375237007358823,30.023603930786418
17.060427359813268,85.86926412605177,79.43612127446305,11.290199857341815,14.400095602853384
18.67923726397807,87.45079759011813,40.1854076752289,42.54092999451106,29.479029417828112
16.646796206494646,74.99062641967545,84.7100756839576,23.477333087388427,18.89900831254085
19.86983956772751,66.96992033464977,54.54563722219522,17.066537367506367,36.965921936895526
15.920370562169373,59.95665941311646,52.99598633541065,18.0937279321483,15.553792695701173
17.622908376547517,62.087357514060784,22.771172354196857,31.87282571223183,8.219791787206184
29.965346193876577,51.67049303733967,53.510629591464884,34.15724568797515,29.469487119665754
26.8925923243133,57.945863056238714,68.45658486430078,29.005284805634496,9.934395055327112
29.29062586089984,55.80592510094818,1.2979819709820983,29.090045476722942,21.394617825590245
24.474269884799202,79.86675473844181,20.568356759147765,10.366466956570273,5.134227091195393
28.893052518314796,78.74361049879876,21.06445907437645,40.08589968150426,23.593884666586117
29.072008269506213,51.17595088746053,21.469893248094507,15.148239417800129,6.459453129770076
21.335139579153346,84.99416073823133,73.38235693841776,16.5763059524218,10.553437900112794
23.867870177884228,53.41355107900411,16.223112027812437,33.55733942355222,22.668024166240187
17.77127173189743,78.1386373950609,22.01206463119909,41.62015057902583,33.93938409790463
28.695286801651434,57.725010144577745,18.88752045461355,34.71014354034712,21.599356413083438
27.32976189570201,74.36161248973787,66.13062973807882,43.506518496999895,31.568086725164978
23.000047470549283,70.94596700074976,41.095287240232196,10.583162387438513,5.522957897717744
17.63282590131034,84.8757635942342,30.536660015214835,12.858484581951352,12.37498650358872
28.461492338277097,86.79955598668309,74.05811811444204,30.5521045500965,14.393743282613375
15.63578522917137,51.93484790170438,90.55603345489605,48.73252078538857,29.92245739852137
25.522721177631375,75.21526072401322,85.21549046761334,39.08095988864548,38.9398694550162
19.846173975748485,81.05287378587566,6.1096862538735035,23.195198186811723,11.202053651937483
24.53121794314758,80.81495340565154,2.9399284063866604,39.56235161272794,17.133220909730444
21.769428280545693,50.66973353386442,57.701427624128584,47.4861934519413,24.854442943622164
18.24726083772459,62.596746457971484,44.619570620918694,31.74389485982275,26.0740265884295
20.154842369081514,62.028497527558045,98.91155879993835,40.43347316127587,35.62201716688402
28.724725123292657,85.47296530300832,75.52605097409598,41.45355576915996,7.498835582136785
22.241985384643268,54.55914127329709,14.42379936144772,13.64189984392539,15.033271120252744
23.81917293114489,56.96639662079262,1.0459144792716923,27.49181082760414,26.00162056506491
16.116925186023245,75.14034682588303,45.566896744115205,34.16363679693508,31.721003231050883
29.493651298018207,55.27865395712994,74.10777580492433,19.227793740429732,29.432123468601908
25.707508409532764,81.02145717513862,11.426060708313646,41.64848458340595,35.29647986389589
22.24711830086442,51.07238461624701,51.93211932449371,33.26621645144482,39.35810303301252
17.849416498906283,79.14244304069962,74.55919761860831,36.23970255663977,8.851000115542133
20.906199832481768,83.65421561550681,41.87862206160734,17.80244721569951,15.30151635708743
17.285665201750263,89.04405929533227,73.96523383552206,16.820196142296805,33.78333063559844
18.342154613928777,54.24149072475605,2.800267121508815,26.22277560145799,23.984933770989613
26.24851195453619,59.42114168036458,85.87739550460591,37.69660252292187,27.7074171316538
19.13364110159278,80.96487021409837,83.11953529556149,14.385684928606937,38.183745682699374
28.88707546821457,55.44037094948166,48.04979681284214,31.471656650518568,10.959599374417447
25.54165576504517,52.93805916796741,47.375291050837674,45.29755877738582,29.36702931971886
24.967130050755614,57.14634113350112,52.922474412270034,40.66108320428143,35.52962601139268
21.654537667543377,81.17058445616613,32.62740209447716,38.27003172078095,33.86978287626389
17.832634652235004,65.88893461997787,22.88438811498833,41.278080295884074,11.719470577807936
16.57888469972138,64.4895675193022,66.59431557137299,44.09355334603937,23.772216450663198
27.409793316926645,51.9128189477628,98.59364480470525,31.489246863654074,34.4776163941028
16.09862536893424,70.10514879614674,75.59832777974056,35.00184545703273,8.83117129949525
26.528581109455622,73.70560312906,49.17514164082083,11.949043410288226,9.684277972854206
22.67255869381937,50.05488860359342,32.20496382438222,29.545598781661823,8.875926458699258
21.240322928776408,62.60496536710938,88.78735342177492,36.445502405241285,37.75241749565234
21.512950194878815,68.00876510592818,39.127380691980285,29.568303334201723,20.024168979235725
29.444338163878342,89.64371947286709,13.829456167425569,31.728417339625548,38.204342534805555
16.771232104187334,73.66292193394237,74.05881467313739,44.71471405501736,13.856674670633412
29.579872160398626,52.13015336282028,52.488835927880494,42.95169747883318,20.53969466428436
20.949516744945853,54.99125812676237,61.19600321725951,26.32707183951318,16.83701582018641
29.80777071495095,54.0926191959389,34.18364309329881,43.33952198608204,39.501219925241735
16.728983869279716,76.8299508737747,85.23214764105202,38.04867618260765,33.896554885127046
22.158703302195196,67.22937326062575,8.166006106220646,27.735580374723803,7.614348295970144
22.944270579582955,71.92268750434962,40.513036197728105,21.625901584757422,27.817247384838993
16.706093392040557,51.98166657826058,34.879622767377484,42.42334178921307,6.016571200524601
27.489912993938255,89.65148408305546,6.580447202158224,49.21485268425477,26.958897753883953
15.648485294447063,66.13870762995498,40.39404646845091,18.67852742042807,11.485348423633347
19.360404407212073,78.61347228589422,97.11060119415896,11.118357907269427,23.039562424810338
25.860170476027278,64.44882016320908,92.31077440156511,34.08297826778923,36.99074467914254
27.160942689133755,52.69534130869448,58.77477785244367,41.06232559788701,11.501815287983655
17.148625405188866,79.18293792785433,2.551478036230248,39.250215365856576,39.78316415110946
28.799023090093364,83.71702357013965,61.88007765870314,19.961308227553623,14.191471439628529
26.28650268789148,52.34753748764079,32.816888727359604,41.2796790140695,8.088641796913171
24.136705011474152,86.34930671325706,68.79623503293479,19.87768535092053,17.557900992342873
25.65806197695678,72.57853892452496,66.62864381882238,18.06676041647791,16.819718423629432
24.00186758062019,86.50722198545388,79.05817861371031,22.45217524431499,6.955738435556935
27.352626608478484,84.6834777007374,7.86826247201442,33.621759820656905,29.518681777940113
27.097437857435317,51.77701071611201,80.42384876591743,17.57518719599641,17.769933261911973
22.756634006371968,72.39190375011799,48.95195059594193,16.41129946163666,35.6354320974049
16.8319027203792,84.5118545542007,87.22855929829406,22.89544337826308,30.65149843029914
25.632927083133104,84.92179686890671,62.902313363686226,36.836625957689506,17.035635691695884
23.224979431682396,82.6304391090257,90.30985460161561,16.022080964053423,14.984481751459512
22.035915737715506,86.1853795775462,37.22513781461419,21.368115998572033,30.592692135399087
20.58243090356884,88.70334473089477,9.621094522661666,29.249763329014566,18.434936527213488
18.224768187799253,73.92229339949036,32.91325028978627,16.53269737457029,28.28578286150412
26.698709099024235,84.80849322376616,50.431972092965914,18.507291679533534,21.53784310333245
20.64008572525103,83.07145396683478,26.387747983506415,34.78935269929651,19.984321548010637
17.657386362359436,73.61562666626335,43.052833395758505,35.679406617150505,19.25217276575318
15.573074540431119,58.610811355457855,57.84101845314953,31.57570977023937,22.671252477409062
16.842676835809993,72.81599100958253,58.88650630914456,12.4537123816989,36.9546486904022
23.77279948357653,76.31652614254968,8.507267167176858,33.247516319893826,7.54465923657277
19.022906400339988,69.21451164624101,53.97647920280137,16.050267681664508,10.263614219398132
21.469592997406977,79.7172989338396,6.122406246877388,19.455683688502724,26.231544901182648
21.762475006591465,56.50057732739617,62.34318372283436,39.00301162489707,12.138658870466946
26.718069025053005,65.30700172728982,49.423854520865085,39.57166469332949,27.682498044290423
15.652986313272198,80.82333870148675,78.59526200802466,32.07780406115399,17.88477188239137
17.171590260399576,51.81546769403566,54.59292159785508,25.51347596858211,25.360616378437268
21.133452361166896,64.67079513875399,48.90014464776665,26.784657753722563,28.08240494634554
28.7380962504875,70.9603721166853,25.340287508360117,37.655133472989235,24.33115459961182
22.467988556709997,53.07963619786968,86.2407810244456,42.72665216981891,26.35918955703687
16.010692355312035,57.729125975741226,92.1831533948459,26.235273623739058,31.49934573168978
27.583127801177266,54.391343595524276,85.79406854427347,44.41138653077077,34.19029526427878
24.689457601155215,67.7300825303421,29.961720920358214,43.35348645600769,29.891631860731465
28.63222889815775,71.57325779539445,2.009301346421566,41.29884477951041,15.673895569253599
28.708658458583194,79.23892392101655,80.05513270207301,17.193370638061026,38.56358552729555
21.783283440714335,79.5160050750031,33.171510172888205,35.46654433548754,22.657111228466047
28.417269390208123,80.18874054976234,27.761257947062045,12.064232139464512,39.22376895036218
20.69767678826499,65.18998117516888,64.20297508791197,19.447291324102423,11.098484744066461
16.48673062690707,86.19932620538708,11.69646526306628,43.5070051720881,18.75264656620785
15.147925534325012,82.14655761101224,82.02619765012516,35.128798379380086,32.10980358772712
26.1064296791033,75.39051471348508,78.00378215829278,14.214068994167022,25.80201472776254
28.63771938932612,54.60071102121967,17.740103498938097,49.972494595547275,34.736211577100235
26.78924437305276,86.03740475115359,24.374700634800227,11.13356006180473,12.215570090178069
23.541841989312843,86.13240871333264,75.49322035403083,22.975588720702667,17.24234471019019
22.887230926411267,76.35753385506058,93.25438280702892,17.722994309098645,7.069390698166016
18.98492506205795,87.62967917227621,89.93679608383071,12.092060750653019,15.751875026582155
25.89704858128985,63.12395695824751,48.04658030022144,25.616920818606705,17.94620784904351
17.789544500704555,53.415520445322684,97.3386340955653,33.68802166956631,15.016571147632563
27.826494625323477,82.2416189324583,51.87669120831354,29.27570913089697,25.790705293111333
17.53030622533209,72.13191878365744,62.38857325469445,36.300277103341,5.578835667287329
20.30555863356126,73.81124994358355,82.15322241621931,35.09529279562631,31.579957527908892
20.321512898672324,78.39198128113782,59.02264996424278,11.528908448597743,37.93221258941662
24.382827365159365,75.25261086697968,56.80138415825184,36.63614475469043,10.114193938550756
27.82646422751069,78.22759150249931,0.19415679632180938,45.60719241174323,20.114374043150498
29.134145379449727,69.83946610846895,30.028513145539293,20.47701601438665,12.55606821856583
18.26986342083259,52.91341382664702,3.6991776601499327,49.251124987338585,30.526592387475233
27.460149282554376,87.03542186621638,79.15230401768093,31.20372351585567,29.426847943563203
20.495218221724024,71.98651718532842,33.561358136284866,17.172835864633022,25.52924818281858
29.274782368769202,62.74712667646855,22.781327169621935,15.100037823484925,35.786000640927114
27.337219713333152,81.32023646078291,77.70816476671656,42.845717266586156,23.666883196760512
17.78138999370941,84.00139830219652,49.42615881384691,15.817517862990641,20.429601413993364
19.571160623861097,68.56179830349244,2.9696060605482466,36.36394001070043,29.69198444362881
19.978525999106616,86.99243860373335,38.46892448509889,27.602502660365182,10.346294509304457
27.93586796466584,65.50778252204114,40.51702198254797,26.790628820543404,36.06707982146419
29.523156824077862,58.32414828790592,59.55473055944742,22.07198826015955,39.03437772611676
18.483012355878227,75.69227708274417,76.23587532480788,43.45632715964721,34.39079761545614
18.724246225627816,89.05863783784989,56.816479282345625,35.504761762979186,17.21104123397233
24.259773316136265,60.88085498347658,67.77263708577591,45.15059008976636,26.307791565290216
27.667803932809665,63.02599941880193,41.54272812050572,46.72228232389178,31.222140285694305
25.59628708543507,57.88252355193279,21.623125649699602,45.62817137250656,5.658797384981825
28.551408120693544,74.55336063041003,31.981372339734726,10.033231793817192,15.725783837596655
25.08389157181238,86.05431988461558,65.45754123012671,23.18389128229271,27.449377195984653
18.736146491496914,58.40640661829977,73.35848156609266,10.157500834623278,9.973775177023064
15.17019295243663,58.95990282504158,6.793055107687462,46.9999848796657,10.604126197196294
25.44621782029865,76.22971825145565,30.036633852065954,41.18327765137664,25.85565558802158
22.20633551628551,50.63097521417723,39.38394748898764,13.31305711822711,12.458079613066106
21.824997837321437,74.81394388830833,95.81657040261469,11.935980110192851,25.90666305745723
27.018915895151526,89.91424668406489,70.9976022932101,16.86792013670938,10.783828641387537
19.866386705007425,87.31245514409952,2.71868944138558,37.08241862187239,31.833039675789436
26.80010213234381,85.93051842132533,41.228804609377136,21.483909644130655,20.262535798897297
27.626859753659442,55.98426423438274,68.18581813172052,12.344204176718039,35.82083924741087
25.878123184081907,69.17056218845299,18.290013803034235,12.088552114290279,34.96701779330203
19.687653693502018,50.67614678947575,78.18575929231841,48.16726219693524,19.60272484720257
21.78580695430972,55.33138644098127,21.79622447255234,18.809888520702614,16.519367319715897
28.856406589561473,79.03244020903723,28.402743926980477,21.325334725944522,16.61564169101616
18.506945336357475,70.28210960803814,19.676373854933626,33.96440975467005,39.069606737951446
24.01355580272294,60.6243719541726,90.50967102460923,47.67427355257063,24.569674895157295
22.986843827754583,69.30928873555311,6.231291326301802,26.09801417801217,38.46337542423415
29.064179084738292,52.968077117254765,4.0801062452576975,28.99247983042017,6.076109144659734
28.626171344830674,81.78391917949412,17.49202987226941,20.722185556539607,21.40596130937059
28.008204547973634,52.12657735594707,14.772780740696989,26.378157350595007,7.137145922432591
18.64036439265466,70.56090437920766,27.363819436238067,10.940320175217932,26.980136468783318
29.043196395785174,63.62197003467783,49.664303714793725,11.968481010081886,21.275171125928726
20.198485511735775,56.88528642181345,54.95479392928733,45.5805107417161,16.0986952217128
21.133091704261155,85.73732515865177,52.48479810856724,43.65380142391099,21.529430082013228
17.056401194712613,53.145005628696175,35.765279044810804,14.873343225797932,36.155128686812034
23.691419787367863,67.11470109645774,45.071483279451854,24.25115075682268,18.388053441319514
16.503890638570905,70.66353208289426,40.32971281943573,21.920202980001893,23.964489938854314
28.730367174949187,71.09864391046554,61.228154843126404,43.93033628894258,19.068291074005927
29.964499461927055,56.11039028493653,85.47787594610791,20.483188658551637,18.9810093689211
25.70607761133558,67.86913925480032,3.6732259742672024,48.48855596210307,26.435771737282995
28.74595825032798,56.173444885136824,37.85793806619262,21.200711642050557,7.089652936323768
29.864112753485855,77.48751553108572,97.7219613775536,20.76030451483835,20.30092777452666
29.786149599108796,61.17358415892184,71.79003412355634,18.004286792839366,23.93549502359207
23.0788536775402,69.11387045085175,74.79808778581355,20.646023565923137,23.36031057734676
23.992994047886583,64.09130949806669,78.74492674334296,38.360021747394725,9.697159936758169
25.449103029831313,63.83948344386043,16.037759670136566,38.62063026417658,30.58631990737553
17.01227966870912,61.99235490133738,76.1744832446589,38.47262651135589,12.970873226693879
28.920467772867397,69.99503751069558,91.32059991704867,17.75816354644475,24.51927079942731
20.195877826959737,89.01382810745832,15.583470454151083,12.96304493826447,33.73666192469754
26.2793500976156,87.41368271397394,37.37648105351493,23.811857556538094,25.43422481746084
21.058900443244617,84.29804638672759,93.91160827581622,13.574474079022947,25.351433523916448
25.99909301634355,64.0559983099645,2.4659915161189483,31.465793969490573,27.580335792470525
24.549634520086506,88.92436759964954,33.68879270905472,26.05557302509399,11.603811185817442
26.91255964452285,86.61656395872122,33.52104162997015,10.901121047123649,8.108857251697547
21.320740720166327,85.136691271789,52.61624103780329,13.798560948399366,6.500737911083787
15.632886619409515,64.06614345492198,67.90242919047076,20.25603784625721,25.320050834169155
15.716596237504818,70.74222408321008,98.01802410375105,35.23738520185289,36.047020679869945
26.341855479534246,87.25782557387802,63.17891952026964,19.56405359344259,7.708519403319768
18.46615112143932,50.340252178765105,59.557172888812914,26.428976857132028,7.6500969373449905
23.40844094906847,83.30653116233333,10.46321613253366,10.748145240062783,28.307729985989877
15.736990459383652,80.61931671124839,94.24520958200779,15.12840465901309,35.67352010236173
15.861435680763456,82.27011598009052,16.10912091339567,45.14706013943676,7.687903074223312
22.50489748833752,80.24668387338878,15.919908682245598,29.186173683746837,11.398097230098015
22.523678398813402,85.43845429218355,24.048669483990015,14.07575680989698,5.535228643989677
17.680591785171995,51.10022208170125,56.259479968049156,38.27530605824137,34.54899341635242
19.882701766470962,51.723441882888544,26.5951317705268,35.88574028312685,27.870435799176576
21.03602394135601,70.29223061820127,6.303610359947176,19.33807190912259,30.092127545034536
27.40721692574422,53.558410825572594,67.18449371360042,35.22429564052423,29.023918687978696
27.337264385146725,74.53356545930276,71.29880643766431,45.88875670952119,32.812893037992986
18.75052552413167,66.6604002344157,64.91467695156824,37.39879448290864,31.693368221650815
17.996820740481624,88.24999333180705,9.06625587570582,34.47797349860151,22.86887782637464
19.566262746627906,66.73560334019919,17.34046270085169,10.470628708545364,18.417804785893022
29.53991226268888,79.65557741828363,41.170180215426775,20.361830053155366,9.722119321539967
16.686573396643066,81.3746245495067,95.7601830199771,37.661552194130834,29.45490020025079
23.519708801535607,75.00128068279498,53.779514539383676,48.63603841779759,27.636786560149137
20.58978729223186,66.15482699474015,14.829820432302776,12.97227466611718,29.70858887509289
26.723389330257906,72.37865465989863,20.860433108070385,45.8616973010606,7.65660138600596
22.335823512476804,83.31407282150221,51.3438058536841,38.758053019731435,27.877914611953596
24.369451819399323,85.67392271196621,51.61282457592029,27.48653259881963,7.238393295478506
19.116524994158123,71.69177204429496,42.85171446173718,29.943521429245436,6.005716962519873
22.698520991093144,79.49112818716104,31.986360341193844,36.117892107560635,17.64286249395939
21.13101225518169,81.78282866415805,10.204204661808324,45.077988518520144,23.274249551498556
15.182390955213174,55.8222532100288,31.05036425005181,28.505287355727603,14.435814506950363
19.208605220694015,88.50017764141597,76.61328253574023,22.386462397685523,32.10282515005483
18.57757866369545,67.2237798423146,85.32552550037505,41.837733288378004,18.830404992164883
19.984821670503344,71.7371541987096,36.736691902675034,24.419744035190423,11.058204165247592
24.00553751017975,87.5602566313994,49.81526542939386,25.31910150376713,29.134161760532848
26.345114893425706,53.32303686605201,39.04517516684306,17.760085191626096,39.683510760186834
26.739523233002775,73.54946435445433,75.99602026974586,27.127268656882187,29.506846825301476
25.85845999136227,53.86282164257308,86.12362398306628,24.72016924387453,38.39745949771504
15.162607960223891,51.73776052944297,26.35497198904382,21.895328982084017,33.85795648691221
23.09374283406641,61.30010596009774,34.944907919822754,31.971787467696146,16.731930598892973
21.309622847884786,77.49737807810621,76.29257870856306,36.740662398837834,20.012813659181145
27.85777812805243,88.85130390582844,12.027587681463592,21.57325099952392,10.141144207315406
23.83423254766288,66.85252409496562,40.11039215861738,42.33701559124286,15.786747015958364
26.74933891585933,84.40297359399574,75.15512400041831,28.20995869459233,32.84030618571928
28.213444763839632,60.91510280084283,1.7551488514994662,37.65380183295936,35.75361140677329
20.86361072447577,67.64361692438013,35.262335623983546,21.8002392545389,29.390238336442792
17.23013081357022,87.9100358645339,80.10984332806544,22.054467503897456,15.12778092065759
24.421713757437097,55.64648704379588,75.65499492681013,20.067274578620125,6.751137039043466
25.841518449718606,51.15833650332838,78.03079370773187,17.159884297797877,24.038668871766433
25.353440923140003,72.26622161737504,17.289889771154975,20.313024023668532,9.769959233537158
23.935003803801187,58.77268852853762,61.122133674541004,38.13259195736994,17.253676987217162
16.675759038620214,84.40272689510601,92.98175004438284,31.25045198500294,8.572170273745524
21.94176882013401,87.70113001918014,72.71405452717474,35.05212931341269,6.800757653924667
22.048989796132773,63.51526327049471,37.38027214161733,17.345412498825805,18.903825004952864
28.163288861562666,53.6662210505337,45.24894094336006,43.21683958213153,27.301523566647745
17.566186391622114,66.6756991461126,73.79867176604785,39.982633365212514,25.968276250779475
20.299917911381932,56.0015848378252,83.21765208793012,36.30586000636178,29.73792882697819
18.83040060428813,62.602589017649265,36.81018494409788,37.655815777653764,14.300797816128604
29.961987451730778,66.45854311042396,18.460984600459685,26.890614899665756,11.625948954571811
23.965145540009523,77.9775600218862,54.07731802078318,34.395077465552866,16.179190167478602
29.38177013819285,61.723087028759714,21.945797083810458,11.962338213747898,14.52669660323393
18.7814602743111,51.433244354258065,57.83148086223877,25.814934823204858,31.614722287330725
18.517964712149777,85.52915331486734,30.119964309144564,34.73115434484907,19.943518521279387
24.479136912623847,50.72143537430039,7.5956090052118785,42.670914586244606,7.34723940027316
15.401311625328994,72.89644543552399,12.445556070569008,28.54075234423551,38.96999907795187
27.373749191968287,53.53127501741322,2.5602511499108416,13.95864880511018,6.582675099725566
29.281629510082837,59.21665047932716,11.570501794041698,15.257030987412286,20.67166942433738
18.172196936433068,53.55981344975265,19.371913100953563,20.825737214880213,15.31797916646209
17.415307100365713,66.85868027363287,8.696237784475514,23.22524588596339,23.819811384506004
15.125303983917581,66.34689845997431,0.2539479520732635,12.430470462447506,13.354258456732346
16.496562201969727,86.97878919625032,36.10636026389322,23.435350838827453,15.22175842269887
23.16771369395058,73.87554637425639,97.03820798903668,38.78079511536507,6.571452170839789
18.95870295518525,82.00953136662865,37.10990741486282,28.964599405324062,23.110164514206886
20.709773388010674,57.16481990074259,67.00170940364619,20.531523168892313,21.30228204982761
22.754093063344165,58.689176111936746,25.593404801015897,11.786188689284959,15.036197483810115
23.803783383942573,53.5138776903232,9.343422111468714,31.27484434748421,16.958030032720416
21.38510962838742,56.521186008317706,19.592014561589956,44.247350520708586,37.5587018261266
28.61868192817022,67.72777212213481,44.0283248105008,20.108027175008807,37.77178938935116
16.19299212192996,56.09105640462365,93.0813791418678,21.76844983477512,17.993109486608162
21.616018588749245,65.04273516002704,8.762106868455955,42.975876334351135,39.027869950291475
18.15485862440607,57.763969806939485,8.371472414868963,36.05341101656407,14.129744237725205
20.969214182341325,52.73620868212279,91.93219299729495,26.810610422703824,23.78151327980466
22.169116301415606,66.63673517577561,92.31015322929017,49.031463180738534,6.7323811035926795
17.373050447750632,73.21157323313791,80.38071683846361,27.51626958225828,30.303697271808577
20.64298762174987,70.11554760059757,37.565607747586824,11.72999562071745,32.844005671415076
21.340723427171845,52.00040065075133,35.73604354600999,43.355397060061286,34.26791056049119
25.779592036197734,51.6642743975021,83.6493815007559,36.19645056117439,34.9271169724928
27.1101442419737,64.0852617116503,42.20934210677496,31.625331041685342,8.804473072207603
27.67865640124093,62.960250727388775,94.02964078580763,30.28782371758148,27.72577140477224
17.8780887993152,81.36509638913275,53.57604660950683,21.245958154057636,15.537037583333698
24.25371109774497,79.44466518549618,85.70077207195956,39.622038161750844,39.36370009050405
29.187428217592743,88.94499744061343,34.114249876107685,35.583277175676926,13.81638751052486
25.1126831494097,59.72408493625489,68.26241415048663,13.530054482631616,23.737441931173134
23.809601036670706,79.88810568332843,14.23617363637899,40.88120071105078,14.418124048438669
29.429293912634353,82.20018118439947,17.471438993053578,24.797041203177915,5.326006208312039
17.668727370397526,78.43731207103382,76.28940490341016,21.361908117997924,22.618647428304143
19.89317468843601,66.10634037104174,23.275608344481103,44.64044721578903,13.271954964815832
24.140030723569517,83.19458072312358,29.818925787266547,39.960427938747564,10.055334176287342
22.050766261158447,64.88108886130152,78.90776922172641,19.91084961735521,34.40813510993728
21.84701834294953,89.03567389262572,7.111756552244152,23.21037659760147,33.772635926139245
18.450946391011165,60.51530432432501,63.070749517513015,41.09081098528925,17.735255901411
25.56266051923015,61.199675919745744,50.91373497226017,11.044008794631758,5.5852679459406565
29.67792028082321,52.63854525498826,16.074982505507272,39.69608559646367,6.416511290248609
22.96978756492293,75.74439160084926,95.9468909838317,24.826273878950403,39.55921124106285
24.23123064880191,89.37573853345752,61.702251332119374,14.87318438599221,26.026903028459735
22.149493810148734,77.32923976225132,63.460945165937986,14.608558177263081,34.10895627188745
16.69958709476777,86.77422832450354,83.98127670529568,48.85889287484724,19.017782789659428
15.850235458553174,80.20471354541394,8.713686377798469,34.46297094492287,13.651342681482989
18.3223110266446,72.94445139755359,43.18105454054234,41.434111538531205,14.843349585517533
21.08766339253785,80.36068197872055,47.2286979403749,31.224442727697344,37.685526557856775
25.366289105799424,64.38763465779239,59.02248149443166,33.80001822634574,26.79289354164488
25.41585443807164,84.34748509615213,13.037808407419138,19.400873060673163,29.994977028303555
18.419967139404168,88.03944924712832,58.850106460994354,42.829501376012644,31.3360204017203
27.477413926424365,74.83954929843657,62.182994249237986,35.355913972573774,28.96755810228234
26.9095377570858,71.60683732289547,68.56691303076381,48.810634923499016,13.048569686574032
23.585062370532775,57.23140461978251,40.509355188330986,35.272833824205236,26.766320825525607
25.36465837048111,78.60865488901806,77.28216667443284,34.47541766349154,32.013561475320515
27.735717771236676,77.9058938327142,48.85190177841869,27.51615511713659,6.489314730784005
24.353145225767626,66.7532331708752,10.340341879425374,24.713882286654023,16.49777234295841
27.038626131377054,59.07653119497575,42.06788263687624,43.67901016599733,18.35577899634375
23.961785156466362,84.6867392802243,41.776367893562295,14.670066360263544,13.41279057132152
25.586079264280706,85.01127702314477,50.21176364354961,26.770213561867298,15.47644441656956
26.75857559620821,56.0506706803672,45.40915847249444,23.801147720483602,23.130304992225053
17.743576688226415,55.240159344170586,38.32682396357549,11.478063314663185,33.2730326518019
28.82006897835167,68.60482911294245,22.36542108452656,10.759726614352303,25.299006415929995
20.65024693337508,61.72897711658157,93.14154178677444,48.528390799775195,10.227431274991662
19.063055275448704,56.44033573997951,21.5643400438822,14.81429157769169,27.745698700539307
27.290727348719848,53.34296445300038,14.559344893615078,39.82118195469338,10.214359133262771
27.704056898506835,83.74051106922332,74.81670408605335,10.707109665883916,33.36983111514781
18.31007024783915,74.5603517689041,1.5107513803587436,18.432435297700817,36.23775968504728
20.187559374504712,72.41991867106712,7.488103047961381,10.259907978612901,11.182764413025922
28.038288212460415,57.083446752871424,51.361227491233954,45.73384401590361,7.3927249696867605
23.107235846852628,61.85635349271507,91.73877201626908,23.625002390167104,27.588545370000677
19.363271487384644,54.08324083297029,10.732932939185424,29.986694592683047,16.836941855043776
23.644244832573726,74.7258767916287,10.515531078436402,28.63553670409521,13.411891043070304
16.63946088538174,65.79746163443998,4.484763246629497,37.81935038654049,5.537105435961443
15.697664935624148,54.60772809511908,20.217836614286412,42.59384247835055,16.27822006281447
24.51905594676749,57.26214540561335,81.0880992491569,38.621023340103385,32.51706040733475
27.737520794443473,50.807288743262376,91.88168950518224,31.76946349513354,7.107111841861352
26.57490836900886,52.59205991936829,6.824972091615466,35.74445229726139,15.228999175419023
18.65505293146949,60.3869298120826,11.618307048250664,16.646637219318144,19.727040268242888
17.16581071761479,70.4922075756332,18.10509992423969,26.861849045401108,10.223169241202122
19.742916668510134,78.42031990428794,14.182397198906793,39.11149873955663,36.72714360948823
24.632061354108256,68.51491557838642,14.944787612372135,35.279615479808676,17.79546365678443
19.00107998595527,50.53974624779387,65.30666427895075,15.110525601763074,21.20807283875006
17.041842326606098,74.50179519007791,19.001935697859818,29.449695901859844,39.768354048792894
15.132939993765481,55.321239988694124,40.77977244969022,43.80767402174551,39.75339904764491
19.39160094761891,89.01154009888639,83.6509916159227,16.211030937916682,27.32108942676093
26.44819710418104,62.97006437859339,94.83980504366139,35.27746948731007,12.413638722590585
17.39943395460078,63.269161106371456,4.7503239897670575,30.377690756911964,18.418293106998625
20.818362892045457,58.34372008103591,3.996271577886712,35.95326640104857,25.896506630543612
21.340258880617277,67.48708491772294,95.73234544105614,49.2728616635596,17.922712089248233
15.72586548407414,65.7775567797623,67.59495436822723,15.336797510732247,35.222715904420525
29.246361082179384,66.09566071488766,32.38139640471659,13.880708601516215,34.825085959735844
21.557867797855167,72.89984827032977,68.54514272848489,32.59858496943994,19.761112238379845
21.639466207782817,65.56525483346884,22.246871386688703,42.28239761009124,38.971181738130554
28.049218891545454,60.12731114701609,86.6595161916597,16.884153112526196,7.542879480328976
16.68503685982466,77.35284120542215,5.420128810807179,44.47684235946633,37.85391824114238
24.940259939558366,84.71869151762237,17.706642580951616,16.63929118588248,23.942673752469705
29.418095857088332,51.21910507069049,85.82967430872618,11.18558959327553,26.278760129839018
27.408119154312278,59.769668090726654,74.18966650784415,20.560480699680063,14.051204685620547
29.628167259786597,88.52726160020747,55.000534413902656,46.635269699499574,38.267155282025385
25.958504712121155,79.53293803185703,50.683180804031736,39.25817534080898,28.112496689070994
20.524148215294666,50.71617769333208,66.85718156392817,24.267849900763213,18.194393998537596
17.544970236078058,75.53730849363687,27.886370682135354,25.64101829476226,34.47200351463022
25.342409660381485,69.19443436627213,52.86916118735595,13.958366055217466,24.23201330492055
26.155499810434954,64.90470944237343,44.13838702503609,34.477772772200225,10.058569576788596
26.002141573313672,65.95053825872151,15.17001633591425,40.7597122560823,20.37363094299061
22.256116576002587,59.64682985757784,16.25972242249677,42.41140800694366,8.763909049884655
15.44068509345973,59.431978937094456,76.7343879054163,32.47827928187414,15.094872896259414
20.502341982929234,65.27150082456404,92.87313754059984,19.17977238736986,22.268186985179113
29.227888564640445,64.12411424516246,6.825247126741885,16.034546124613946,38.434587374549764
26.068007416731863,76.76165192426076,16.141575536332166,11.786815119884047,30.92293452775964
23.939842350954976,78.7540691155827,80.88773211835344,30.630967440486245,9.33090894225811
27.587690615125545,60.285241727913785,85.36629069321458,41.29293638206256,30.10773385049727
19.241327214322684,65.58883193290814,75.18674826304427,21.41894688457091,25.065756067161185
28.564053771981754,58.8858124443999,89.74168388978713,17.649713580435286,14.793074532784278
17.518062300200654,69.71561126533027,88.45093592890683,27.74155503368196,37.29950191658679
15.505894759928248,51.90980637686427,37.58916836936083,29.002172197708713,19.696638757772433
16.704135110954667,75.12727372140098,85.01430049041117,20.950121785262255,20.27386777809125
25.15237327191277,64.21115864948851,13.056511938133575,21.031629816287616,16.32686229955603
23.04744783931611,89.55563989746115,73.95661266445244,23.400344794404177,18.317377367046316
24.866691344735038,61.03739522845257,13.4110115784286,13.43657216947208,27.689102994622427
29.237606637189224,74.75671313539448,19.500422955756115,29.937254981256253,39.78095891289822
23.37707866908665,55.62062955511864,35.33328163230318,39.76307134421566,27.694735206714142
28.647630506490874,82.14598654190236,63.6590891084139,30.638311308390662,27.000427067799286
28.160349675402145,64.22640000492044,17.493819781823504,33.35631678793047,7.905224327097166
25.95848773830398,53.951758119669286,27.899956484665744,34.790159069711734,19.6620987746671
19.40016331222315,78.49116434294156,46.116215862028234,20.7011782377686,35.51425273378338
26.110402956291487,86.10717874075985,69.33571905362946,17.73404061852281,5.520820942814347
21.529186483571564,67.06639349520512,52.57701736026373,14.898092838261165,36.80582793885182
27.61555293292289,57.241022964427465,55.628680803549734,21.22125981881535,20.94146031537094
25.326883362274856,76.3448515038082,62.56965785198234,22.478834303095915,17.025630227537032
24.34366562904128,81.94920575422601,82.83335924099151,14.979820713349191,38.51054600630572
18.68921041965597,72.8305131418156,1.4582361126513343,46.43658873349216,25.184188500092272
16.74204694639746,52.507289086942336,84.20071477157909,14.45273888930517,27.325692292846995
22.057358339452364,81.7067708929668,46.551967017641395,31.411787592580545,5.013379438741732
26.159969412281647,88.96462952371311,99.91354224227157,18.905616252313383,20.71174738239796
19.81054747033224,78.39129554820553,11.925421335547393,49.04151437430136,39.455323676944964
24.640371437156908,69.80763262524437,83.87480933544495,38.47887660032187,11.061334400934268
25.302212676202164,86.0436161700724,65.06818521847794,10.572600850433469,39.591878455003545
21.430759747810377,72.72017307759516,21.133776293262585,20.886203917088956,31.79628487394391
20.062042472138003,61.09011941293486,57.233444925083234,29.123412014505682,16.8479584583823
15.162574350520138,76.15465479385387,47.618178630454025,13.684749871884918,18.667539080083024
25.785354388978174,86.47272434605907,24.89015450551717,28.708961276135994,20.856133681544023
29.71637254490245,69.19055393587186,21.605831304139688,37.95413087813752,34.72748318514074
16.71768343630785,61.098793432480164,74.87526936337984,18.825376490454715,26.679136250679
22.0160375231931,61.770741626306155,13.941833479738152,34.720204983706694,34.92672933134217
17.120984907689817,70.76849483896922,24.933686263606493,41.4405262569782,5.341208242000081
17.298108778211464,54.88076241845451,0.6211737687271235,25.15835110530732,21.79897317827236
25.617581417770353,50.17436204467417,58.07802864465758,24.49859878013148,27.704469012064
18.47058277520879,53.36769848567751,1.1499775630616993,22.55474077867772,22.841118379272714
25.119541340896248,61.02972293264976,27.028709811187934,40.421633652828234,6.920366678381005
20.062819915484198,89.10866006771231,57.215181757195374,39.107283634212635,23.91296355013128
27.565762236772443,50.244145473502044,7.816152990542557,44.971732225543256,38.65844696753871
29.37076592912114,54.989662890140124,55.788130858990606,45.417707799721654,14.876436189183508
23.79518970770986,65.3745081413782,49.87590689053649,46.77227666449225,9.840886680878755
26.01453424731925,86.63282647326419,17.287676880545234,26.758316356338874,9.056804677182374
21.218031542824992,63.83989606126169,42.46519288389749,25.196171426296736,35.40080499947981
25.856859534331328,51.705147112421564,73.0647524050546,22.762241545964592,23.01443917204916
27.92107487539003,62.761080655831215,55.58251221063445,17.26018273129106,26.669788527642257
20.430093164056974,50.20279634988881,39.423005634702534,33.80577629553813,20.874663293793827
16.783356258684996,53.928388740638155,22.714218476857717,30.438170521752113,31.92050101912286
25.504760776697633,60.10769430984378,21.088795482092248,24.864677361559337,26.201577892807126
19.95426645067989,73.71554253539304,54.232703471118484,15.654115514946177,32.9654993570963
18.88301751405268,62.87778168620982,11.580787784966361,20.48608743280621,22.722509548901083
20.69076616276264,84.94724792285422,38.62496024913275,21.55513976499753,12.370080804698404
25.833220557434473,61.18326722743866,84.38406088725353,31.620326236447227,21.27149121653159
21.59473051029802,73.22161967625692,68.19068903387114,24.24965899232658,18.581003912779043
15.877351791529662,79.24165055382937,1.3725348654424985,31.811851008437007,38.733292412083614
17.268183478490645,65.32317573947208,91.16547707539026,32.08701058338353,31.04397030771515
27.679764197611814,69.7941322384952,71.44333000096343,25.662193912700243,21.704494338961823
27.62543454799096,82.03467827143157,34.19820453286033,40.419283433180304,38.361196253997576
22.75039002559811,71.83482748981746,86.17431537282691,47.357174452610884,36.2408893747834
16.885462947221693,62.322561681396,3.722717016244892,47.87465453008078,29.248705747609932
29.029469862017763,53.24436646715848,98.49599601816982,17.72564528889522,8.833253597767056
25.21285223395994,78.30907272454311,72.76752461458904,39.5315675552393,20.406381499619613
22.215311486599834,81.37431081979611,7.163447677515555,48.074545724323244,26.962959121668142
26.706323638076654,52.355936926221474,26.011128888969925,38.29007528522191,18.449972938921483
23.876908781417697,75.55182311583872,28.584857823377916,18.974464579716496,8.826796829719822
29.907299117394672,74.24399109434742,86.41183794850593,37.63636581570007,6.090639020218915
26.81986079022092,56.87218204825313,13.007264471746849,35.580002462211965,35.44127183569276
21.045578972732407,60.533917702695035,60.47711981190108,24.23034057790079,27.511892932330372
18.30016037392695,89.21475870003992,67.05346376004336,46.24555679141285,18.14557495686556
27.53137925802914,84.02735726058336,7.496035700370118,16.165768124337667,10.520497025835532
18.745385102817913,85.92159781346335,98.5098337724439,10.168724400109452,22.5410324530852
26.3672871678845,78.38214801074338,99.81496833820084,12.84121702672683,10.047238134336016
29.563814990185175,54.39631211756039,17.123336968734513,27.00438582054124,6.391288622709377
20.854901197482267,80.96396711211999,0.8393148981432064,16.641111610960703,28.015818824058787
20.381130965339388,56.19114002742953,80.11659565723642,30.978643280280146,6.602114235183904
18.29231926598264,83.42510488500665,79.77227246788007,39.29429451732409,12.828555365023725
26.483774137713965,57.667359547487784,56.82375648872902,27.081778641930168,15.968027438895085
23.1825005292595,57.887352814807215,93.95803053222917,49.38609844259017,6.528955875868997
25.508473394139198,69.35780686914003,33.977701816488846,36.14974151531881,12.73991717915244
28.1075345909219,66.55353951114117,27.35024731010188,20.0678230303928,37.62683756620569
16.74847727071305,57.56723822410679,84.61312514350402,37.88148210250665,31.588537126931264
24.104037160245767,68.82496373673229,55.79879257726764,46.96568866019261,33.5858525402336
28.95970459595466,83.70266848012388,97.32511308076309,25.16952726474067,32.876784880992794
24.840701184631392,65.64781049630294,25.20922224323323,43.752684882655565,31.499663160784614
27.96575590044193,72.48851067178433,69.00881815211297,14.45372951719861,29.99785795072979
24.045221698552247,86.08840636700403,99.00228081946972,20.368045142472972,36.53250930990123
21.541100981652583,55.04340788611199,20.052725058847276,17.674572159757048,10.89528362444756
24.421807680711474,86.99784451377448,66.59432962835376,31.889305438906472,36.475457043186054
28.710670702286464,86.74090483137816,97.16357981564869,40.823369017831226,31.52538092417664
24.472705550831122,78.6107088317483,6.126621015472356,23.05602248354265,14.754554984533
18.129437642935102,80.32907678862206,53.68834485954452,21.228927731948847,32.778385360255015
24.971690226842703,82.28775538665802,48.12231960298045,16.753871266360573,20.938534747379606
27.64766916001767,64.21853508815036,13.14157076231247,21.280584429302586,9.47916431596893
28.954562001580214,75.73938845054423,13.692136597659976,13.756323250842325,19.701943134889724
25.54806025900391,89.03247071774692,3.1291263914479894,39.86385944460527,19.84542671259552
29.73147733365925,68.30222077571152,2.1456155507613595,43.30610078394172,18.353852951418403
19.111617109504646,89.60277456647148,51.97016044334226,18.455800152422547,39.91995574410519
15.511170024867262,61.374961763509305,77.85492847002557,45.927872483648315,24.586245472996794
17.80782934807767,75.40249126273982,39.43781831672245,42.498849050391996,21.031876647820493
15.790894288951057,59.79396383351016,61.58339706319639,25.76497677455705,23.952869484828767
22.64264201908601,65.3948594250702,43.32041707934765,22.915164633639765,28.013750726858497
26.64352610364621,52.07958257607538,83.87521639187399,17.90114908164403,39.11930720962745
26.923264343529247,54.88042997963358,26.256635612375145,48.076027709201256,21.66309902289738
25.260071395300805,89.62226883671298,14.903359834921003,22.078351010710463,15.62681956309777
18.058978585191426,81.09548538905585,4.4087855256311865,43.5128350175558,18.352340824027007
17.875354161142866,64.08482661747468,84.79082130851492,41.082983035432505,14.786660828268984
23.269616041474084,51.13289289391526,26.312777114294494,29.471094621768195,6.704395240874195
22.397630460966944,78.20638271887094,11.552167043509542,47.60378046890787,28.022173430823358
26.35071122589703,78.41019582421089,36.212300652192475,23.726517516339193,9.623977084621789
26.36316817459673,73.48225238956064,70.34140792586639,42.855495548328896,5.48181163289299
20.839835321489886,89.62321633771981,4.513045166808549,11.671281907892421,17.27471492499633
20.560472323523122,88.80118454066734,62.91899309838151,38.10432238903872,24.603994317050496
28.844011938349585,65.10404863940107,99.91070318174938,28.34930429984783,33.562071647019025
19.698728264078973,53.6365826961894,3.11505564449881,30.191122942379632,35.15751699616696
18.86413150912008,84.04780785320756,42.15056718759179,29.093881048532854,16.62392033054829
26.58596367759292,72.40326412616518,16.573052520888808,21.819036825381502,11.830591280241546
26.006158094566665,55.33841808070578,70.83866728367244,40.28490463039599,37.242660131123046
28.648595291421962,77.4963367790155,1.618528097658789,29.956661474272156,8.657318320782627
18.256588207228617,80.73603610298582,84.03890320776549,23.014813867096173,36.21950378162434
15.925810242369002,72.41786103839671,93.8552012593961,13.4678910014875,33.336705377644066
26.483738264060364,68.54561003367816,81.4411778764481,41.41163200768503,10.372134312045047
26.247181281474383,80.82218543042444,22.539218510699733,13.27028922682227,13.961432238816165
25.37672819774116,61.836118981709646,99.00707997545202,16.899912648593887,10.381570020426839
20.425626650404432,60.57727682828194,18.823269663161113,22.67336884829616,37.47917579539372
21.57633983786135,82.76124610264773,59.629389454999085,39.40696274806447,34.840111418332675
23.69561028234088,69.98188631968881,99.69483850745812,22.48453185232432,34.84499318550018
29.524170404775816,63.186534261829735,56.86599414573187,40.878354642081135,17.904930255258705
18.91707087605044,73.22352680421758,31.064633798701458,10.505679169763035,35.77607350081459
25.795724303534662,52.779167323503664,33.953054043621336,33.98391573833723,6.0930279301334505
16.490410319917117,85.32935150483642,50.538070026271576,38.53737956624238,10.354499946372684
29.53747606125726,59.923762117476606,22.103146471728852,25.830812903609864,13.701523278891587
20.86115028468438,70.49308609733583,64.99730907929899,21.998017676105714,28.896160244446637
24.435121635612518,61.51807747365542,40.83157563303094,38.11469104241945,5.224930782226943
15.791161793776801,65.26082717444913,27.177104173965738,36.33331529246253,17.562691964878685
17.028854344955406,80.58381535533762,63.61056390361058,32.62349904975957,12.631824346305766
29.17064004756415,52.48718907611144,13.213883729863484,32.64524167635268,20.239164479519175
19.238905575158547,67.51470348889109,80.24725987285143,41.14229873107582,11.757081598902015
18.868886948334698,84.30364290900643,67.17421123687836,40.99867179852311,16.014848663675046
17.675954449061276,56.637051103786575,73.58674492943939,35.99649878303026,39.238922426412536
18.50467638698439,57.413941164796825,83.12092836139253,33.9367709367347,16.09616565408572
20.452128661399687,77.00990088577888,60.097906611327936,29.720490956669956,32.24958849362959
16.050491854827207,58.463874631381486,30.675190000512053,29.067351164988878,39.34041097907094
22.072934132484576,88.15597764464673,35.5798408796987,38.044953266567234,27.662684002859976
17.35238124047485,75.89835981170151,64.8963303269793,22.35615640709785,37.643546887059436
28.753266761261262,73.2024229582099,72.78149013236396,33.01773596114332,8.477029898835989
19.671411707103264,81.33355806542731,46.12346864833693,37.31039287163688,11.551642899428035
25.168313817189045,75.59423258114549,41.50612195980183,44.97431123927249,28.045846141467997
20.316046270793088,61.05891850833114,24.27227915287238,16.595899565226148,16.247315946536173
26.288813220714765,77.558861015432,98.79786505658588,28.797323682165246,17.086071448512016
28.733369944071313,52.928449592367684,77.85181837236006,43.54981381269439,7.027530027220869
17.409158304232594,85.31711742756917,0.16856929210967708,45.47283738652361,29.61759526544033
22.399049018619927,82.65125883530364,29.06307737112852,47.56749589152744,23.302943333749088
15.45439553214918,84.4995043409348,86.15368023519471,30.62702318079201,21.76827571600729
22.54940769799014,58.947444226357476,84.65188180423773,40.15668434389684,20.92073682200753
26.005895557867316,87.10228001989591,85.79909424669549,17.652953471393012,16.574624763727936
23.56070261019256,74.80567535533211,36.115489607035954,26.751073007356318,11.091935516919424
25.61023076189415,87.11979354984976,39.79159148379565,31.643466767006544,10.262167519084366
27.33436433024312,86.55157348926448,20.100697098594434,40.896549726721645,11.212073237167758
17.609008729898687,52.050424252924536,50.48797866026271,40.698792901002115,24.11282751982995
23.32878024054244,88.37858749109444,98.81401726964684,23.1453944879059,19.547158749009146
18.695621744876107,83.2643757017824,86.40758703467142,40.91967119748199,33.389036818999216
25.13205187952669,71.20986470283887,77.25770116679026,23.393443911551472,30.450676495145757
20.465875447452873,86.51739349060476,49.618585271395766,45.666100103601195,36.03058339744659
18.76808274198153,86.51844401183291,30.771839585091588,35.95141444710953,35.03897899170991
28.74001851655593,70.61530268633962,38.47979445673165,25.99408624867085,32.919690261601374
27.987319770853055,55.07946089347724,8.67549146603247,17.15139078080665,39.46694465888618
25.816946229099724,50.61644655048424,32.30097119586861,41.151277761618786,33.57045732206977
24.45982374263901,59.244406790786826,47.08660518864348,25.495393271100575,15.55866459265005
23.475670226566592,57.166634374122204,26.41677130841813,48.978212631221744,17.461401068260635
27.563396648727434,76.05098538572945,97.2775351273482,15.04362547803698,21.442422204438586
27.792420385972115,73.47860849876713,8.177046421320366,33.52751874491085,35.71486025360338
23.879316306404924,61.278900172257494,83.72938538099409,28.034664990166785,15.687074013077046
23.941015358437998,74.18622156194839,0.48355742021588544,28.814919049648555,32.41779670223238
16.419171682731513,56.90096044040088,28.609901878537624,49.29547161619598,19.422244967900518
18.45489698602402,87.9128643128575,75.81804372550735,41.68035602750689,33.21272403454071
26.706864033680496,55.804957965601474,64.61353266039656,19.762313440702577,33.009382885694166
29.794756683525133,67.46402682198435,8.493172079370092,37.38820630243988,6.102823345805177
17.798995786145618,75.9113971845486,57.41897742269021,14.832170319527279,5.185012278667472
27.66409330158075,56.327535490959846,40.99772491056073,38.24521771401177,18.987455854752817
23.167532165094112,55.56470407235242,0.9707160385349023,12.279109128417748,34.333917046423544
25.521475827564736,72.07290083589845,43.96648274548623,25.245138245815482,38.623351137649806
29.710447083969633,67.43012358672073,29.060872092791847,32.51845261265407,27.419444157314434
28.861106913667328,67.91959502590319,97.96570056828237,14.34544319313762,19.849436851396455
25.882690160924525,63.01723693266893,34.13413478334463,45.642196013544115,31.50302357382725
22.840423709364213,83.90521182517384,94.23556904720891,32.209852950193294,15.979771276751778
28.896511956109876,54.414641153149894,99.57028601531779,29.2598413852466,24.99109948887258
15.772563914523156,71.16492026587571,66.0330307875104,16.642098295019608,23.75469818916134
25.833016534041434,66.10065186174596,99.57932111671214,19.203043460184126,23.934784486208514
26.44647068167968,70.24458578899406,23.24012677569769,31.163136980439763,10.212138617411782
19.81436507753724,67.83339625522822,1.9679829074508604,11.888275540947184,38.970665479791776
27.301825744183567,62.04331944895516,38.238467343235406,26.660766191964722,7.996573542013667
26.609807594316806,82.35434626795505,11.087042880254327,41.78110865138661,13.562587275334314
29.939031639542385,78.36730125272166,51.413245807817084,30.035380401845725,6.399939552142891
27.687382309000256,66.24785754695215,75.2803111084529,22.739148514031335,16.869345519032443
22.652623024902418,89.7851016508477,30.99040439082047,32.893051655788575,17.807345434896085
18.48618694155195,61.91170452949875,38.54582720445943,31.865308605905778,37.25510668062892
25.45670478672141,57.39261152379165,11.659723238845544,43.36288988199529,13.070520459577624
22.999182055760887,74.21375388804762,25.413180489610554,23.404768516953837,21.891748806502164
17.766021270207887,89.43081029219343,50.68491617579143,26.167607092014435,6.370203778619198
24.336138944747645,73.0189577900802,83.10709472820706,12.074178308779114,8.90026894668785
29.722831560417525,67.39076257704264,24.70288334845171,10.908340300937764,19.688312558601034
26.54349736847819,77.9191587648433,17.783273147003797,40.76521997338423,14.69311517846865
15.346027996772676,59.136619394261956,82.98158686897105,27.43859620090752,13.55603536285484
19.171770379302707,68.18661006869728,76.427002516818,13.228503273625908,6.045523775170408
27.028814611380348,58.81352170096339,56.4693166077929,38.162630347865985,26.3159047162219
22.70565619111136,87.44005859715236,57.336632250212105,36.039654760843575,17.632337667691253
28.47743215541678,65.90032186247964,73.44390408238046,18.880262279585914,13.371558759401534
24.63341664689934,66.13516365364143,89.97823073322573,22.5688795090141,22.914154332701287
26.11536087529217,71.8389555066922,34.3316382650536,14.44472698479939,32.1490007287239
21.561877823658786,77.21701673479967,46.65825775949345,12.983940991551899,29.01802674352264
17.265674031816932,56.73403526012873,94.2129210229337,40.68092417927069,30.68455855897362
19.051304846108497,69.92447315440016,44.67236642855896,29.85371068863891,37.34677231569941
15.406358781579286,89.79354359485416,37.24202348022836,27.954796848494002,24.054003576437754
23.88286345862416,83.90294087740024,99.44338493023761,35.36473873400234,15.175283235932367
25.096820477422284,51.64176019151458,23.03332525357774,13.269885210031562,10.914897278903577
15.627818500531852,58.66480365400409,20.865524612893825,16.919559832040537,24.583396524729068
15.338649380399957,50.407141990598475,2.369611107068237,22.70568520463321,35.72197901076366
27.413707951281218,75.91759046464438,40.11735522516959,18.538526559527014,36.99210846458037
25.667712050490245,57.31279638509558,95.88770474833935,31.288896494570523,6.697459170217355
28.635028332998925,54.516865153228,69.21519917343717,10.344380285064636,38.89201579093139
24.74653620278035,53.28468274482234,72.67982570207235,44.13489270025949,36.016663238012455
25.366720916107994,71.54947254681079,76.7972420998309,18.892730753374735,23.01163157154107
25.52387824924215,74.54015170237723,24.679787592009994,25.984450126060757,24.567400687272134
28.183732794893935,50.15298503171982,34.42072891647571,17.566877380947105,33.61787686890321
25.337135575829386,74.86573443414153,42.87574929285404,35.558498908117734,20.84446877144159
17.933989814736695,76.36185280327801,11.221124355600509,11.127234608470285,16.520318130991214
26.366862183924738,75.97202986132324,53.4448211506104,34.143264866028154,22.370822698074587
24.261367316457846,86.61612829279647,85.20917032129705,38.41719321118337,10.234513914297779
23.92716422647908,70.68926875203962,31.88747855389902,24.786386941182364,20.589837625613093
23.269770011408404,54.867032168215566,62.921388740572525,16.25595509164251,26.148282233607503
16.809495213347496,74.13498377338443,54.693260381042066,33.08591984695235,21.385862607855056
28.33663766829484,69.35166139817314,82.90566547029391,30.005748940517613,14.316796820352282
24.473922097929627,72.97592540653582,39.120871875474364,35.98015809787704,8.568910780027089
19.273645170177744,80.16091750485252,47.444943519586324,27.978884538060296,39.002712279605696
21.465096421333303,76.74556901203498,53.90416660596343,33.60897407843146,26.464922860806656
15.765585207431617,80.16120455198757,48.93096194360794,42.75418764086942,35.4907931799964
20.308177866114338,69.82918200968427,22.047809361295222,19.013343916792792,9.484512299763802
27.46013075547746,86.75338926212436,22.649021435416973,22.460796106854183,32.13129081568868
20.71037659062673,55.886693032087976,61.49279276219735,14.864414827017217,23.557051774787638
27.63184465984324,79.46761177832562,7.939463675959635,17.029257763811884,30.09503179665318
19.579707556005804,50.44826249274432,41.320489739059816,32.595785450849675,33.567415462135855
15.53566489259073,81.44935665560037,45.07870930265372,27.074847663947452,34.62219902620448
18.232063294138076,72.95654237432771,49.02966562405565,35.44220826274791,31.00678788386809
17.4500952218935,55.4259423123079,35.792743894515546,19.777451557101713,20.508720095226845
28.019606304636238,53.12308748750226,38.592913136183846,43.473218094956195,32.61759605766064
25.101632697965083,86.58360068935197,3.8455780020367314,24.023219532271728,32.63093413186259
25.185894881499237,66.80337294036744,96.34615042034854,31.52864095037465,12.296124341888806
25.877755929610608,86.064530337309,43.2624392096709,38.03234882855993,18.88182175479169
29.434052546828536,87.10550123325447,11.520118396200163,21.93368977067567,6.960691691259383
26.66971905997346,69.16070965386662,87.54533453056652,15.697735662659964,12.865515863170714
17.774358709246656,64.43832647776355,17.164482346914824,41.588176477093185,5.6028022009479335
20.083818511198274,59.0508206040979,5.269300398757792,41.84699400530787,10.627425327145339
18.80381465819687,77.18561989505874,76.3935039244628,20.208900526804232,29.79115639051136
21.67963858283658,80.72640718325675,4.734144896681613,11.277252724946747,16.067223963818947
25.199637337095663,89.23348416220992,76.99080708327551,26.837742232340524,7.5186127768079185
15.744617301464594,88.73974521489396,17.48455367207511,33.17954893442136,21.55826535642093
15.0466135776892,89.81986700576451,93.52066013650216,37.562632141214785,37.74417305372622
19.819066075697286,67.76565630086529,7.228848004051313,24.610283862863657,26.725513376211744
18.676479937499302,72.17751512003565,70.40750207118136,13.817088261247715,5.430673366876492
29.110083929803217,70.48613871792165,64.38436880918313,14.307572524755855,16.6216385023194
25.34046702584168,72.33345827109937,26.64152554326533,17.9278348098195,18.94462093693597
19.853380352058146,56.300567658998226,32.595592404905496,28.65209135640509,18.837150904637554
16.971963110366847,58.389054717441326,46.03619909649633,47.77916431694898,26.05010700547922
22.485805423132327,75.99083979450323,73.79169286221806,17.872026240662166,16.451171038379627
27.337244686980583,60.40261350277715,61.22073485056111,25.42175898268805,6.228990726241911
27.588836041875766,73.77339334939037,7.859049220779202,26.991218324866825,20.260180611040255
23.87033166819492,52.160657111135116,35.61848858074179,27.123486711688717,6.89635417127641
21.090291673510492,64.3128112928749,49.39198179271721,15.84036299442856,12.115658014282058
15.849927081303655,59.094073902296785,32.99067172182819,13.208046366646972,37.087753311026525
29.92955697148119,76.31513122546181,77.44180021022656,38.16113224210733,15.448785504204542
22.933285030195176,72.96258704562091,16.694149765125143,15.350903550517359,5.272674050481067
16.933786344428974,80.6889439382575,62.65804186758936,45.85608165467095,22.525232402227747
28.11540283804547,81.1599841926479,96.32228794399552,48.765708313505776,9.398138284723329
29.468006418870218,86.33783813894308,76.71293366772193,19.79182456419574,6.6572494131817495
15.706599945616748,52.300895273487235,97.96199880750879,29.77879622453756,34.518454737864126
27.230215792041058,55.20005047364976,73.51209929060877,39.10958645492286,5.627669257796906
16.802152880404165,78.15345444556397,78.246571751345,13.44166737595739,34.45802854753177
29.519935656361987,73.8968798545283,27.16326864168972,40.90725825171298,22.197481758137332
23.63082140467219,60.75134887030708,48.467890095407306,34.10593287226823,5.851955873662889
26.991155364362385,82.37179893113644,76.91140287627493,23.876396438647667,22.60259586160498
15.521613334560566,78.44305593859815,84.74082080550336,32.328157939443685,5.838997799221278
20.819880733183105,82.05126056958542,19.626356621815646,48.16249961168006,20.148955393620845
16.65278981951626,78.9226050547104,22.425298065591715,48.890677537225095,16.94811586399402
21.119603925976257,83.33762357008149,70.29970288749092,14.78005220871847,22.172798106673664
25.417063320621665,75.46424401360348,61.211265079165855,29.356693963957564,12.005324329430636
18.077982039763015,84.9213437881715,27.001253766765444,13.164893150582394,36.050069279393895
24.88084320266129,62.651533047253515,62.04184278559932,17.925824299103166,14.971123957913633
27.84418783109286,72.59950540772174,88.35893604172401,39.954955299031596,13.333694455248247
28.356723363710792,66.20932135727841,0.6897645826161369,36.300599478588765,35.653096157979476
15.30663848752698,58.53258800485868,61.903542996146854,47.61470021255983,27.431728901172345
29.746719667345104,77.47144864878717,19.09584490025328,34.83665776167613,28.953125847915892
24.37623089793238,84.09908849108677,75.3963298848475,20.161961180921956,13.884643635923958
24.597616317723467,89.4903227047896,42.15914820144048,36.76151701261634,35.07526134363438
19.252510350000826,78.18137396979358,90.91921748272544,10.962413760321583,27.48601557028118
29.779291579005537,83.06131289741808,80.91311977432615,18.771370581548048,38.42317360406657
26.91919269308376,64.98114489514032,36.04215568676453,25.635265333810807,31.272032709927153
29.66655337121505,69.06313621938271,55.74485696745454,41.20576386312544,13.355039493014734
16.14483759410855,71.63680840171557,7.631954138128094,40.64784673450067,30.6962316259838
